{
    "camera_poses": {
        "P_A": [
            1.82,
            -1.13,
            0.678,
            -0.035,
            -0.106,
            1.001
        ],
        "P_B": [0.042, -1.425, 0.729, -0.01, -0.0212963, -0.0567963]
    },
    "intrinsics": {
        "I_A": "[ 80x60  p[38.5126 30.1774]  f[76.8356 76.8509]  Inverse Brown Conrady [0 0 0 0 0] ]",
        "I_B": "[ 160x120  p[77.0253 60.3548]  f[153.671 153.702]  Inverse Brown Conrady [0 0 0 0 0] ]",
        "I_C": "[ 160x90  p[79.7989 45.1866]  f[113.154 113.107]  Inverse Brown Conrady [0 0 0 0 0] ]"
    },
    "lookups": {
        "I_A": {
            "P_A": {
                "etnyl": {
                    "angles_changed": [true, true, false, false, false, false],
                    "divisions": [193, 193, 1, 1, 1, 1],
                    "intrinsics": "[ 80x60  p[38.5126 30.1774]  f[76.8356 76.8509]  Inverse Brown Conrady [0 0 0 0 0] ]",
                    "num_links_rendered": 4,
                    "pose": [
                        1.82,
                        -1.13,
                        0.678,
                        -0.035,
                        -0.106,
                        1.001
                    ],
                    "element_number": 178795200,
                    "pose_number": 37249
                },
                "vuicd": {
                    "angles_changed": [true, true, false, false, false, false],
                    "divisions": [96, 96, 1, 1, 1, 1],
                    "intrinsics": "[ 160x120  p[77.0253 60.3548]  f[153.671 153.702]  Inverse Brown Conrady [0 0 0 0 0] ]",
                    "num_links_rendered": 4,
                    "pose": [
                        1.82,
                        -1.13,
                        0.678,
                        -0.035,
                        -0.106,
                        1.001
                    ],
                    "element_number": 176947200,
                    "pose_number": 9216
                }
            },
            "P_B": {
                "nvirm": {
                    "angles_changed": [true, true, false, false, false, false],
                    "divisions": [111, 111, 1, 1, 1, 1],
                    "intrinsics": "[ 160x90  p[79.7989 45.1866]  f[113.154 113.107]  Inverse Brown Conrady [0 0 0 0 0] ]",
                    "num_links_rendered": 4,
                    "pose": [0.042, -1.425, 0.729, -0.01, -0.0212963, -0.0567963],
                    "element_number": 177422400,
                    "pose_number": 12321
                }
            }
        },
        "I_B": {
            "P_A": {
                "etnyl": {
                    "angles_changed": [true, true, false, false, false, false],
                    "divisions": [193, 193, 1, 1, 1, 1],
                    "intrinsics": "[ 80x60  p[38.5126 30.1774]  f[76.8356 76.8509]  Inverse Brown Conrady [0 0 0 0 0] ]",
                    "num_links_rendered": 4,
                    "pose": [
                        1.82,
                        -1.13,
                        0.678,
                        -0.035,
                        -0.106,
                        1.001
                    ],
                    "element_number": 178795200,
                    "pose_number": 37249
                },
                "vuicd": {
                    "angles_changed": [true, true, false, false, false, false],
                    "divisions": [96, 96, 1, 1, 1, 1],
                    "intrinsics": "[ 160x120  p[77.0253 60.3548]  f[153.671 153.702]  Inverse Brown Conrady [0 0 0 0 0] ]",
                    "num_links_rendered": 4,
                    "pose": [
                        1.82,
                        -1.13,
                        0.678,
                        -0.035,
                        -0.106,
                        1.001
                    ],
                    "element_number": 176947200,
                    "pose_number": 9216
                }
            },
            "P_B": {
                "nvirm": {
                    "angles_changed": [true, true, false, false, false, false],
                    "divisions": [111, 111, 1, 1, 1, 1],
                    "intrinsics": "[ 160x90  p[79.7989 45.1866]  f[113.154 113.107]  Inverse Brown Conrady [0 0 0 0 0] ]",
                    "num_links_rendered": 4,
                    "pose": [0.042, -1.425, 0.729, -0.01, -0.0212963, -0.0567963],
                    "element_number": 177422400,
                    "pose_number": 12321
                }
            }
        },
        "I_C": {
            "P_A": {
                "etnyl": {
                    "angles_changed": [true, true, false, false, false, false],
                    "divisions": [193, 193, 1, 1, 1, 1],
                    "intrinsics": "[ 80x60  p[38.5126 30.1774]  f[76.8356 76.8509]  Inverse Brown Conrady [0 0 0 0 0] ]",
                    "num_links_rendered": 4,
                    "pose": [
                        1.82,
                        -1.13,
                        0.678,
                        -0.035,
                        -0.106,
                        1.001
                    ],
                    "element_number": 178795200,
                    "pose_number": 37249
                },
                "vuicd": {
                    "angles_changed": [true, true, false, false, false, false],
                    "divisions": [96, 96, 1, 1, 1, 1],
                    "intrinsics": "[ 160x120  p[77.0253 60.3548]  f[153.671 153.702]  Inverse Brown Conrady [0 0 0 0 0] ]",
                    "num_links_rendered": 4,
                    "pose": [
                        1.82,
                        -1.13,
                        0.678,
                        -0.035,
                        -0.106,
                        1.001
                    ],
                    "element_number": 176947200,
                    "pose_number": 9216
                }
            },
            "P_B": {
                "nvirm": {
                    "angles_changed": [true, true, false, false, false, false],
                    "divisions": [111, 111, 1, 1, 1, 1],
                    "intrinsics": "[ 160x90  p[79.7989 45.1866]  f[113.154 113.107]  Inverse Brown Conrady [0 0 0 0 0] ]",
                    "num_links_rendered": 4,
                    "pose": [0.042, -1.425, 0.729, -0.01, -0.0212963, -0.0567963],
                    "element_number": 177422400,
                    "pose_number": 12321
                }
            }
        }
    }
}