{
    "poseA":{
        "start_idx":0,
        "end_idx":99,
        "pose":[14.369999999999997, 0.30000000000000043, 4.1599999999999895, -0.015, 1.5357963267948973, 1.6157963267948958]
    },
    "poseB":{
        "start_idx":100,
        "end_idx":198,
        "pose":[14.369999999999997, 0.30000000000000043, 4.1599999999999895, -0.015, 1.5357963267948973, 1.6157963267948958]
    }

}