{
    "mh5l": {
        "a": [
            0,
            0.088,
            0.4,
            0.04,
            0,
            0,
            0
        ],
        "alpha": [
            0,
            -1.57079632679,
            0,
            1.57079632679,
            1.57079632679,
            -1.57079632679,
            3.14159265359
        ],
        "d": [
            0,
            0,
            0,
            0,
            -0.405,
            0,
            -0.08
        ]
    },
    "mh50": {
        "a": [
            0,
            0.145,
            0.87,
            0.21,
            0,
            0.0001,
            0
        ],
        "alpha": [
            0,
            -1.57079632679,
            0,
            1.57079632679,
            -1.57079632679,
            -0,
            -0
        ],
        "d": [
            0,
            0,
            0,
            -0,
            -1.04629106849,
            0,
            -0
        ]
    }
}