{
    "BASE": {
        "pose": [
            0,
            0,
            -0.330,
            0,
            -1.5707963267948966,
            0
        ]
    },
    "S": {
        "pose": [
            0,
            0,
            -0.131,
            0,
            0,
            -1.5707963267948966
        ]
    },
    "L": {
        "pose": [
            0,
            0,
            0,
            0,
            0,
            -1.5707963267948966
        ]
    },
    "U": {
        "pose": [
            0,
            0,
            0,
            0,
            0,
            -1.5707963267948966
        ]
    },
    "R": {
        "pose": [
            -0.3335,
            0,
            0,
            0,
            0,
            -1.5707963267948966
        ]
    },
    "B": {
        "pose": [
            0,
            0,
            0,
            0,
            0,
            -1.5707963267948966
        ]
    },
    "T": {
        "pose": [
            0,
            0,
            0,
            0,
            0,
            -1.5707963267948966
        ]
    }
}