{
    "base_link": {
        "pose": [
            0,
            0,
            -0.330,
            0,
            -1.5707963267948966,
            0
        ]
    },
    "link_s": {
        "pose": [
            0,
            0,
            -0.131,
            0,
            0,
            -1.5707963267948966
        ]
    },
    "link_l": {
        "pose": [
            0,
            0,
            0,
            0,
            0,
            -1.5707963267948966
        ]
    },
    "link_u": {
        "pose": [
            0,
            0,
            0,
            0,
            0,
            -1.5707963267948966
        ]
    },
    "link_r": {
        "pose": [
            -0.3335,
            0,
            0,
            0,
            0,
            -1.5707963267948966
        ]
    },
    "link_b": {
        "pose": [
            0,
            0,
            0,
            0,
            0,
            -1.5707963267948966
        ]
    },
    "link_t": {
        "pose": [
            0,
            0,
            0,
            0,
            0,
            -1.5707963267948966
        ]
    }
}